name,value,year,rank,month
Ainz,72537.0,2022.0,1,5
Ainz,72177.8000000003,2022.1,1,8
Ainz,71818.5999999998,2022.2,1,2
Ainz,71459.4000000002,2022.3,1,7
Ainz,71100.1999999997,2022.4,1,0
Ainz,70741.0,2022.5,1,3
Ainz,70381.8000000003,2022.6,1,5
Goku,70196.0,2022.0,2,2
Ainz,70022.5999999998,2022.7,1,1
Goku,69683.2000000005,2022.1,2,10
Ainz,69663.4000000002,2022.8,1,5
Ainz,69567.8000000001,2023.9,1,5
Ainz,69498.6,2023.8,1,8
Ainz,69429.4,2023.7,1,3
Ainz,69360.1999999999,2023.6,1,10
Ainz,69304.1999999997,2022.9,1,10
Ainz,69291.0,2023.5,1,2
Ainz,69221.8000000001,2023.4,1,3
Goku,69170.3999999998,2022.2,2,2
Ainz,69152.6,2023.3,1,1
Ainz,69083.4,2023.2,1,7
Ainz,69014.1999999999,2023.1,1,10
Ainz,68945.0,2023.0,1,6
Goku,68657.6000000002,2022.3,2,2
Goku,68144.7999999995,2022.4,2,6
Goku,67632.0,2022.5,2,3
Goku,67119.2000000005,2022.6,2,9
Goku,66606.3999999998,2022.7,2,6
Goku,66093.6000000002,2022.8,2,2
Goku,65580.7999999995,2022.9,2,10
Goku,65068.0,2023.0,2,9
Goku,64970.3000000001,2023.1,2,5
Goku,64872.6,2023.2,2,5
Goku,64774.9,2023.3,2,5
Goku,64677.1999999999,2023.4,2,6
Goku,64579.5,2023.5,2,4
Goku,64481.8000000001,2023.6,2,1
Goku,64384.1,2023.7,2,6
Goku,64286.4,2023.8,2,6
Goku,64188.6999999999,2023.9,2,9
Naruto,53183.0,2022.0,3,6
Naruto,53139.9,2022.1,3,0
Naruto,53096.8,2022.2,3,1
Naruto,53053.7,2022.3,3,9
Naruto,53010.6,2022.4,3,2
Naruto,52967.5,2022.5,3,1
Naruto,52924.4,2022.6,3,10
Naruto,52881.3,2022.7,3,4
Naruto,52838.2,2022.8,3,4
Naruto,52795.1,2022.9,3,9
Naruto,52752.0,2023.0,3,0
Naruto,52595.6000000001,2023.1,3,0
Naruto,52439.1999999999,2023.2,3,5
Naruto,52282.8000000001,2023.3,3,1
Naruto,52126.3999999999,2023.4,3,5
Naruto,51970.0,2023.5,3,0
Naruto,51813.6000000001,2023.6,3,4
Naruto,51657.1999999999,2023.7,3,1
Naruto,51500.8000000001,2023.8,3,3
Naruto,51344.3999999999,2023.9,3,11
Luffy,42396.0,2023.0,4,3
Luffy,42287.5000000001,2023.1,4,7
Luffy,42178.9999999999,2023.2,4,2
Luffy,42070.5000000001,2023.3,4,7
Luffy,41969.1000000004,2022.9,4,11
Luffy,41961.9999999999,2023.4,4,5
Luffy,41853.5,2023.5,4,10
Luffy,41745.0000000001,2023.6,4,2
Luffy,41636.4999999999,2023.7,4,11
Luffy,41542.1999999998,2022.8,4,9
Luffy,41528.0000000001,2023.8,4,1
Luffy,41419.4999999999,2023.9,4,6
Luffy,41115.3000000002,2022.7,4,6
Luffy,40688.3999999996,2022.6,4,9
Luffy,40261.5,2022.5,4,3
Luffy,39834.6000000004,2022.4,4,0
Luffy,39407.6999999998,2022.3,4,10
Light,39048.0,2022.0,4,6
Luffy,38980.8000000002,2022.2,4,2
Light,38609.7000000004,2022.1,4,4
Luffy,38553.8999999996,2022.1,5,4
Light,38171.3999999998,2022.2,5,10
Luffy,38127.0,2022.0,5,4
Light,37733.1000000002,2022.3,5,9
Light,37294.7999999996,2022.4,5,9
Light,36856.5,2022.5,5,7
Light,36418.2000000004,2022.6,5,10
Edward,36368.0,2022.0,6,5
Light,35979.8999999998,2022.7,5,11
Edward,35740.4000000006,2022.1,6,11
Light,35541.6000000002,2022.8,5,0
Edward,35112.7999999997,2022.2,6,11
Light,35103.2999999996,2022.9,5,1
Light,34665.0,2023.0,5,6
Edward,34485.2000000003,2022.3,6,0
Light,34284.6000000003,2023.1,5,6
Light,33904.1999999998,2023.2,5,8
Edward,33857.5999999994,2022.4,6,10
Levi,33553.0,2022.0,7,4
Light,33523.8000000002,2023.3,5,5
Levi,33456.8000000001,2022.1,7,6
Levi,33360.6,2022.2,7,9
Levi,33264.4,2022.3,7,11
Edward,33230.0,2022.5,6,1
Levi,33168.1999999999,2022.4,7,9
Light,33143.3999999997,2023.4,5,6
Levi,33072.0,2022.5,7,10
Levi,32975.8000000001,2022.6,6,8
Levi,32879.6,2022.7,6,2
Levi,32783.4,2022.8,6,3
Light,32763.0,2023.5,5,4
Levi,32687.1999999999,2022.9,6,6
Edward,32602.4000000006,2022.6,7,10
Levi,32591.0,2023.0,6,5
Light,32382.6000000003,2023.6,5,1
Levi,32257.5000000003,2023.1,6,6
Light,32002.1999999998,2023.7,5,4
Edward,31974.7999999997,2022.7,7,6
Levi,31923.9999999998,2023.2,6,4
Light,31621.8000000002,2023.8,5,10
Levi,31590.5000000002,2023.3,6,3
Edward,31347.2000000003,2022.8,7,9
Levi,31256.9999999997,2023.4,6,9
Light,31241.3999999997,2023.9,5,3
Levi,30923.5,2023.5,6,10
Edward,30719.5999999994,2022.9,7,10
Levi,30590.0000000003,2023.6,6,3
Levi,30256.4999999998,2023.7,6,7
Edward,30092.0,2023.0,7,1
Levi,29923.0000000002,2023.8,6,7
Levi,29589.4999999997,2023.9,6,6
Edward,29123.1000000009,2023.1,7,2
Edward,28154.1999999996,2023.2,7,1
Tanjiro,27859.0,2022.0,8,11
Tanjiro,27602.0000000002,2022.1,8,7
Tanjiro,27344.9999999999,2022.2,8,8
Edward,27185.3000000004,2023.3,7,1
Tanjiro,27088.0000000001,2022.3,8,0
Tanjiro,26830.9999999998,2022.4,8,11
Tanjiro,26574.0,2022.5,8,5
Tanjiro,26317.0000000002,2022.6,8,5
Tanjiro,26266.4000000001,2023.9,7,3
Edward,26216.3999999991,2023.4,7,7
Tanjiro,26157.8,2023.8,7,7
Tanjiro,26059.9999999999,2022.7,8,11
Tanjiro,26049.2,2023.7,7,11
Tanjiro,25940.5999999999,2023.6,7,5
Tanjiro,25832.0,2023.5,7,10
Tanjiro,25803.0000000001,2022.8,8,0
Tanjiro,25723.4000000001,2023.4,8,7
Tanjiro,25614.8,2023.3,8,3
Tanjiro,25545.9999999998,2022.9,8,0
Tanjiro,25506.2,2023.2,8,5
Tanjiro,25397.5999999999,2023.1,8,8
Tanjiro,25289.0,2023.0,8,10
Edward,25247.5,2023.5,8,10
Edward,24278.6000000009,2023.6,8,8
Edward,23309.6999999996,2023.7,8,8
Edward,22340.8000000004,2023.8,8,3
Saitama,21728.0,2023.0,9,3
Saitama,21665.6000000001,2022.9,9,3
Saitama,21656.2000000001,2023.1,9,11
Saitama,21603.2,2022.8,9,9
Saitama,21584.4,2023.2,9,10
Saitama,21540.8,2022.7,9,10
Saitama,21512.6,2023.3,9,3
Saitama,21478.3999999999,2022.6,9,0
Saitama,21440.7999999999,2023.4,9,9
Saitama,21416.0,2022.5,9,8
Edward,21371.8999999991,2023.9,8,9
Saitama,21369.0,2023.5,9,2
Saitama,21353.6000000001,2022.4,9,6
Saitama,21297.2000000001,2023.6,9,4
Saitama,21291.2,2022.3,9,6
Saitama,21228.8,2022.2,9,2
Saitama,21225.4,2023.7,9,10
Saitama,21166.3999999999,2022.1,9,3
Saitama,21153.6,2023.8,9,6
Saitama,21104.0,2022.0,9,5
Saitama,21081.7999999999,2023.9,9,1
Zoro,20572.0,2022.0,10,2
Zoro,20313.1000000002,2022.1,10,4
Sasuke,20067.0,2022.0,11,6
Zoro,20054.1999999999,2022.2,10,10
Zoro,19795.3000000001,2022.3,10,6
Sasuke,19781.2000000003,2022.1,11,10
Zoro,19536.3999999998,2022.4,10,8
Sasuke,19495.3999999999,2022.2,11,4
Kakashi,19361.0000000001,2023.9,10,11
Zoro,19277.5,2022.5,10,6
Kakashi,19274.0,2023.8,10,2
Sasuke,19209.6000000001,2022.3,11,1
Kakashi,19187.0,2023.7,10,6
Kakashi,19099.9999999999,2023.6,10,4
Zoro,19018.6000000002,2022.6,10,9
Kakashi,19013.0,2023.5,10,1
Erza,19005.0,2023.0,10,1
Erza,18985.4,2022.9,10,9
Erza,18965.8,2022.8,10,2
Erza,18946.2,2022.7,10,9
Erza,18926.6,2022.6,11,6
Kakashi,18926.0000000001,2023.4,10,8
Sasuke,18923.7999999997,2022.4,11,11
Erza,18911.1000000001,2023.1,10,2
Erza,18907.0,2022.5,11,10
Erza,18887.4,2022.4,12,11
Erza,18867.8,2022.3,12,5
Erza,18848.2,2022.2,12,10
Kakashi,18839.0,2023.3,10,7
Erza,18828.6,2022.1,12,5
Kakashi,18823.0,2022.0,12,8
Erza,18817.2,2023.2,10,11
Erza,18809.0,2022.0,13,3
Kakashi,18798.5,2022.1,13,0
Kakashi,18774.0,2022.2,13,4
Zoro,18759.6999999999,2022.7,11,11
Kakashi,18752.0,2023.2,11,1
Kakashi,18749.5,2022.3,13,10
Kakashi,18725.0,2022.4,13,0
Erza,18723.3,2023.3,11,1
Kakashi,18700.5,2022.5,12,11
Kakashi,18676.0,2022.6,12,7
Kakashi,18664.9999999999,2023.1,11,3
Kakashi,18651.5,2022.7,12,11
Sasuke,18638.0,2022.5,13,4
Erza,18629.3999999999,2023.4,11,5
Kakashi,18627.0,2022.8,11,11
Kakashi,18602.5,2022.9,11,10
Kakashi,18578.0,2023.0,11,5
Erza,18535.5,2023.5,11,11
Zoro,18500.8000000001,2022.8,12,10
Erza,18441.6000000001,2023.6,11,11
Sasuke,18352.2000000003,2022.6,13,5
Erza,18347.7,2023.7,11,11
Erza,18253.8,2023.8,11,1
Zoro,18241.8999999998,2022.9,12,1
Erza,18159.8999999999,2023.9,11,2
Sasuke,18066.3999999999,2022.7,13,10
Zoro,17983.0,2023.0,12,3
Zoro,17862.3000000001,2023.1,12,5
Sasuke,17780.6000000001,2022.8,13,0
Zoro,17741.5999999999,2023.2,12,9
Zoro,17620.9000000001,2023.3,12,4
Zoro,17500.1999999999,2023.4,12,7
Sasuke,17494.7999999997,2022.9,13,9
Zoro,17379.5,2023.5,12,8
Natsu,17358.0,2022.0,14,0
Zoro,17258.8000000001,2023.6,12,7
Sasuke,17209.0,2023.0,13,4
Natsu,17152.0000000002,2022.1,14,8
Zoro,17138.0999999999,2023.7,12,9
Sasuke,17110.3000000001,2023.1,13,4
Zoro,17017.4000000001,2023.8,12,3
Sasuke,17011.6,2023.2,13,10
Natsu,16945.9999999999,2022.2,14,3
Asuna,16919.0,2023.0,14,3
Sasuke,16912.9,2023.3,13,1
Zoro,16896.6999999999,2023.9,12,7
Asuna,16855.8000000001,2023.1,14,7
Asuna,16839.3000000001,2022.9,14,7
Sasuke,16814.1999999999,2023.4,13,11
Asuna,16792.6,2023.2,14,10
Asuna,16759.6,2022.8,14,2
Natsu,16740.0000000001,2022.3,14,10
Asuna,16729.4,2023.3,14,4
Sasuke,16715.5,2023.5,13,10
Asuna,16679.9,2022.7,14,10
Asuna,16666.1999999999,2023.4,14,6
Sasuke,16616.8000000001,2023.6,13,5
Asuna,16603.0,2023.5,14,1
Asuna,16600.1999999999,2022.6,14,3
Asuna,16539.8000000001,2023.6,14,1
Natsu,16533.9999999998,2022.4,14,9
Asuna,16520.5,2022.5,14,9
Sasuke,16518.1,2023.7,13,6
Asuna,16476.6,2023.7,14,8
Asuna,16440.8000000001,2022.4,15,9
Sasuke,16419.4,2023.8,13,10
Asuna,16413.4,2023.8,14,11
Kirito,16409.0,2022.0,15,1
Asuna,16361.1,2022.3,15,10
Asuna,16350.1999999999,2023.9,13,1
Natsu,16328.0,2022.5,15,8
Sasuke,16320.6999999999,2023.9,14,7
Asuna,16281.4,2022.2,15,10
Kirito,16268.6000000001,2022.1,15,1
Asuna,16201.6999999999,2022.1,16,8
Kirito,16128.1999999999,2022.2,16,4
Natsu,16122.0000000002,2022.6,15,8
Asuna,16122.0,2022.0,16,4
Kirito,15987.8000000001,2022.3,16,4
Natsu,15915.9999999999,2022.7,15,9
Kirito,15847.3999999999,2022.4,16,7
Natsu,15710.0000000001,2022.8,15,3
Kirito,15707.0,2022.5,16,9
Kirito,15566.6000000001,2022.6,16,7
Natsu,15503.9999999998,2022.9,15,6
Kirito,15426.1999999999,2022.7,16,7
Natsu,15298.0,2023.0,15,5
Kirito,15285.8000000001,2022.8,16,6
Natsu,15264.1,2023.1,15,0
Lelouch,15244.0,2022.0,17,11
Natsu,15230.2,2023.2,15,7
Natsu,15196.3,2023.3,15,9
Lelouch,15183.4000000001,2022.1,17,7
Natsu,15162.4,2023.4,15,2
Kirito,15145.3999999999,2022.9,16,8
Natsu,15128.5,2023.5,15,3
Lelouch,15122.8,2022.2,17,5
Natsu,15094.6,2023.6,15,0
Lelouch,15062.2,2022.3,17,2
Natsu,15060.7,2023.7,15,8
Natsu,15026.8,2023.8,15,9
Lelouch,15021.4,2023.9,15,6
Kirito,15005.0,2023.0,16,10
Lelouch,15001.5999999999,2022.4,17,10
Natsu,14992.9,2023.9,16,10
Lelouch,14978.8,2023.8,16,6
Lelouch,14941.0,2022.5,17,6
Lelouch,14936.2,2023.7,16,1
Kirito,14894.4000000001,2023.1,16,7
Lelouch,14893.6,2023.6,16,6
Lelouch,14880.4000000001,2022.6,17,4
Lelouch,14851.0,2023.5,16,6
Lelouch,14819.8,2022.7,17,8
Lelouch,14808.4,2023.4,16,0
Kirito,14783.8,2023.2,16,6
Lelouch,14765.8,2023.3,16,6
Lelouch,14759.2,2022.8,17,4
Lelouch,14723.2,2023.2,17,11
Lelouch,14698.5999999999,2022.9,17,9
Lelouch,14680.6,2023.1,17,11
Kirito,14673.2,2023.3,17,11
Lelouch,14638.0,2023.0,17,8
Kirito,14562.5999999999,2023.4,17,0
Kirito,14452.0,2023.5,17,8
Ichigo,14368.3000000001,2023.9,17,5
Kirito,14341.4000000001,2023.6,17,8
Ichigo,14311.6,2023.8,17,9
Ichigo,14254.9,2023.7,17,8
Kirito,14230.8,2023.7,18,11
Ichigo,14198.1999999999,2023.6,18,5
Ichigo,14141.5,2023.5,18,1
Kirito,14120.2,2023.8,18,5
Ichigo,14084.8000000001,2023.4,18,5
Ichigo,14028.1,2023.3,18,7
Kirito,14009.5999999999,2023.9,18,10
Ichigo,13971.4,2023.2,18,11
Ichigo,13914.6999999999,2023.1,18,4
Ichigo,13858.0,2023.0,18,4
Ichigo,13769.1000000001,2022.9,18,11
Ichigo,13680.2,2022.8,18,0
Rukia,13680.0,2022.0,18,5
Rukia,13637.0,2022.1,18,8
Rukia,13594.0,2022.2,18,6
Ichigo,13591.3,2022.7,18,4
Rukia,13551.0,2022.3,18,1
Rukia,13508.0,2022.4,18,10
Ichigo,13502.3999999999,2022.6,18,3
Rukia,13465.0,2022.5,18,3
Rukia,13422.0,2022.6,19,10
Ichigo,13413.5,2022.5,19,5
Rukia,13379.0,2022.7,19,10
Rukia,13336.0,2022.8,19,8
Ichigo,13324.6000000001,2022.4,19,7
Rukia,13293.0,2022.9,19,4
Rukia,13250.0,2023.0,19,5
Ichigo,13235.7,2022.3,19,8
Rukia,13209.3,2023.1,19,5
Rukia,13168.6,2023.2,19,5
Ichigo,13146.8,2022.2,19,5
Rukia,13127.9,2023.3,19,4
Rukia,13087.2,2023.4,19,6
Ichigo,13057.8999999999,2022.1,19,2
Rukia,13046.5,2023.5,19,4
Rukia,13005.8,2023.6,19,8
Ichigo,12969.0,2022.0,19,3
Rukia,12965.1,2023.7,19,6
Rukia,12924.4,2023.8,19,2
Rukia,12883.7,2023.9,19,2
Hinata,12224.0,2023.0,20,8
Hinata,12152.6000000001,2023.1,20,9
Hinata,12081.2,2023.2,20,0
Hinata,12009.8,2023.3,20,10
Hinata,11938.3999999999,2023.4,20,4
Hinata,11867.0,2023.5,20,8
Hinata,11795.6000000001,2023.6,20,8
Hinata,11724.2,2023.7,20,6
Hinata,11652.8,2023.8,20,11
Hinata,11581.3999999999,2023.9,20,7
Sakura,11297.9,2023.9,21,3
Sakura,11246.8,2023.8,21,7
Sakura,11195.7,2023.7,21,6
Sakura,11144.6,2023.6,21,1
Sakura,11093.5,2023.5,21,0
Sakura,11042.4,2023.4,21,0
Sakura,10991.3,2023.3,21,5
Sakura,10940.2,2023.2,21,3
Sakura,10889.1,2023.1,21,7
Sakura,10838.0,2023.0,21,5
Sakura,10822.6,2022.9,20,9
Sakura,10807.2,2022.8,20,11
Sakura,10791.8,2022.7,20,11
Sakura,10776.4,2022.6,20,7
Sakura,10761.0,2022.5,20,2
Sakura,10745.6,2022.4,20,5
Sakura,10730.2,2022.3,20,11
Sakura,10714.8,2022.2,20,1
Sakura,10699.4,2022.1,20,5
Sakura,10684.0,2022.0,20,8
Inuyasha,9460.0,2023.0,22,6
Inuyasha,9435.90000000002,2023.1,22,5
Inuyasha,9411.79999999999,2023.2,22,5
Inuyasha,9387.70000000001,2023.3,22,10
Inuyasha,9363.59999999998,2023.4,22,4
Inuyasha,9339.5,2023.5,22,6
Inuyasha,9315.40000000002,2023.6,22,4
Inuyasha,9291.29999999999,2023.7,22,7
Inuyasha,9267.20000000001,2023.8,22,7
Inuyasha,9243.09999999998,2023.9,22,3
Kagome,8116.40000000018,2023.9,23,9
Gintoki,8015.0,2022.0,21,5
Gintoki,7972.40000000004,2022.1,21,4
Gintoki,7929.79999999998,2022.2,21,2
Kagome,7922.79999999991,2023.8,23,6
Gintoki,7887.20000000002,2022.3,21,1
Tsuna,7862.0,2023.0,23,8
Gintoki,7844.59999999996,2022.4,21,4
Yusuke,7834.0,2022.0,22,8
Gintoki,7802.0,2022.5,21,10
Tsuna,7795.20000000006,2023.1,23,11
Yusuke,7784.40000000005,2022.1,22,10
Gintoki,7759.40000000004,2022.6,21,1
Yusuke,7734.79999999998,2022.2,22,11
Kagome,7729.20000000009,2023.7,23,1
Tsuna,7728.39999999997,2023.2,23,7
Gintoki,7716.79999999998,2022.7,21,6
Gintoki,7710.50000000001,2023.9,24,4
Gintoki,7696.99999999999,2023.8,24,7
Yusuke,7685.20000000002,2022.3,22,1
Gintoki,7683.50000000001,2023.7,24,6
Gintoki,7674.20000000002,2022.8,21,4
Gintoki,7669.99999999999,2023.6,23,9
Tsuna,7661.60000000003,2023.3,23,2
Gintoki,7656.5,2023.5,23,1
Gintoki,7643.00000000001,2023.4,23,3
Yusuke,7635.59999999995,2022.4,22,4
Gintoki,7631.59999999996,2022.9,21,3
Gintoki,7629.49999999999,2023.3,24,3
Gintoki,7616.00000000001,2023.2,24,10
Gintoki,7602.49999999999,2023.1,24,2
Tsuna,7594.79999999994,2023.4,24,9
Gintoki,7589.0,2023.0,24,4
Yusuke,7586.0,2022.5,22,9
Yusuke,7536.40000000005,2022.6,22,4
Kagome,7535.59999999982,2023.6,24,6
Tsuna,7528.0,2023.5,24,2
Yusuke,7486.79999999998,2022.7,22,3
Tsuna,7461.20000000006,2023.6,25,10
Yusuke,7437.20000000002,2022.8,22,11
Tsuna,7394.39999999997,2023.7,25,1
Yusuke,7387.59999999995,2022.9,22,2
Gon,7357.0,2022.0,23,3
Kagome,7342.0,2023.5,25,2
Yusuke,7338.0,2023.0,25,9
Tsuna,7327.60000000003,2023.8,25,6
Yusuke,7325.10000000001,2023.1,25,6
Gon,7321.80000000003,2022.1,23,3
Yusuke,7312.19999999999,2023.2,25,2
Yusuke,7299.30000000001,2023.3,25,1
Gon,7286.59999999998,2022.2,23,5
Yusuke,7286.39999999999,2023.4,25,3
Yusuke,7273.5,2023.5,26,2
Tsuna,7260.79999999994,2023.9,25,8
Yusuke,7260.60000000001,2023.6,26,3
Gon,7251.40000000002,2022.3,23,6
Yusuke,7247.69999999999,2023.7,26,10
Yusuke,7234.80000000001,2023.8,26,1
Yusuke,7221.89999999999,2023.9,26,7
Gon,7216.19999999997,2022.4,23,5
Gon,7181.0,2022.5,23,11
Gon,7172.40000000002,2023.9,27,11
Gon,7153.79999999999,2023.8,27,6
Kagome,7148.40000000018,2023.4,26,9
Gon,7145.80000000003,2022.6,23,10
Gon,7135.20000000001,2023.7,27,7
Gon,7116.59999999998,2023.6,27,5
Gon,7110.59999999998,2022.7,23,3
Gon,7098.0,2023.5,27,11
Gon,7079.40000000002,2023.4,27,1
Gon,7075.40000000002,2022.8,23,6
Gon,7060.79999999999,2023.3,26,2
Killua,7053.9,2023.9,28,10
Killua,7053.8,2023.8,28,11
Killua,7053.7,2023.7,28,7
Killua,7053.6,2023.6,28,7
Killua,7053.5,2023.5,28,9
Killua,7053.4,2023.4,28,2
Killua,7053.3,2023.3,27,7
Killua,7053.2,2023.2,26,11
Killua,7053.1,2023.1,26,10
Killua,7053.0,2023.0,26,11
Gon,7042.20000000001,2023.2,27,10
Gon,7040.19999999997,2022.9,23,1
Killua,7036.40000000002,2022.9,24,6
Gon,7023.59999999998,2023.1,27,0
Killua,7019.79999999999,2022.8,24,1
Gon,7005.0,2023.0,27,10
Killua,7003.20000000001,2022.7,24,5
Killua,6986.59999999998,2022.6,24,2
Killua,6970.0,2022.5,24,9
Kagome,6954.79999999991,2023.3,28,8
Killua,6953.40000000002,2022.4,24,9
Killua,6936.79999999999,2022.3,24,8
Killua,6920.20000000001,2022.2,24,2
Killua,6903.59999999998,2022.1,24,9
Killua,6887.0,2022.0,24,6
Kagome,6761.20000000009,2023.2,28,4
Kurapika,6728.20000000004,2023.9,29,0
Leorio,6706.90000000001,2023.9,30,7
Leorio,6692.79999999999,2023.8,29,7
Kurapika,6681.39999999998,2023.8,30,9
Leorio,6678.70000000001,2023.7,29,3
Leorio,6664.59999999999,2023.6,29,1
Leorio,6650.5,2023.5,29,0
Leorio,6636.40000000001,2023.4,29,8
Todoroki,6636.0,2022.0,25,1
Kurapika,6634.60000000002,2023.7,30,1
Leorio,6622.29999999999,2023.3,29,8
Leorio,6608.20000000001,2023.2,29,9
Leorio,6594.09999999999,2023.1,28,9
Deku,6594.0,2022.0,26,0
Todoroki,6593.80000000004,2022.1,25,0
Kurapika,6587.79999999996,2023.6,30,11
Leorio,6580.0,2023.0,28,7
Kagome,6567.59999999982,2023.1,29,11
Todoroki,6551.59999999998,2022.2,25,11
Kurapika,6541.0,2023.5,30,11
Todoroki,6509.40000000002,2022.3,25,11
Kurapika,6494.20000000004,2023.4,30,8
All Might,6491.00000000005,2023.9,31,2
Deku,6481.0000000001,2022.1,26,1
Todoroki,6467.19999999996,2022.4,25,1
Kurapika,6447.39999999998,2023.3,30,1
All Might,6436.99999999998,2023.8,31,9
Todoroki,6425.0,2022.5,25,3
Kurapika,6400.60000000002,2023.2,30,0
All Might,6383.00000000002,2023.7,31,4
Todoroki,6382.80000000004,2022.6,25,4
Todoroki,6376.00000000002,2023.9,32,11
Kagome,6374.0,2023.0,29,11
Deku,6367.99999999995,2022.2,26,1
Todoroki,6357.99999999999,2023.8,32,6
Kurapika,6353.79999999996,2023.1,30,10
Todoroki,6340.59999999998,2022.7,25,10
Todoroki,6340.00000000001,2023.7,32,2
All Might,6328.99999999995,2023.6,31,9
Todoroki,6321.99999999998,2023.6,32,2
Kurapika,6307.0,2023.0,30,0
Todoroki,6304.0,2023.5,31,5
Todoroki,6298.40000000002,2022.8,25,2
Kurapika,6289.80000000002,2022.9,25,5
Todoroki,6286.00000000002,2023.4,31,4
All Might,6275.0,2023.5,32,0
Kurapika,6272.59999999999,2022.8,26,9
Todoroki,6267.99999999999,2023.3,31,11
Kagome,6258.90000000011,2022.9,26,2
Todoroki,6256.19999999996,2022.9,27,5
Kurapika,6255.40000000001,2022.7,26,7
Deku,6255.00000000005,2022.3,26,10
Todoroki,6250.00000000001,2023.2,31,0
Kurapika,6238.19999999998,2022.6,26,11
Todoroki,6231.99999999998,2023.1,31,5
All Might,6221.00000000005,2023.4,32,2
Kurapika,6221.0,2022.5,26,4
Todoroki,6214.0,2023.0,31,5
Kurapika,6203.80000000002,2022.4,26,0
Bakugo,6192.60000000007,2023.9,33,7
Kurapika,6186.59999999999,2022.3,27,10
Kurapika,6169.40000000001,2022.2,27,8
All Might,6166.99999999998,2023.3,32,10
Kurapika,6152.19999999998,2022.1,27,10
Kagome,6143.79999999995,2022.8,27,8
Deku,6141.9999999999,2022.4,27,7
Kurapika,6135.0,2022.0,27,6
Bakugo,6119.19999999997,2023.8,33,0
All Might,6113.00000000002,2023.2,32,10
All Might,6058.99999999995,2023.1,32,3
Bakugo,6045.80000000003,2023.7,33,8
All Might,6031.0,2022.0,28,7
Deku,6029.0,2022.5,27,3
Kagome,6028.70000000005,2022.7,27,2
All Might,6028.4,2022.1,28,9
All Might,6025.8,2022.2,28,1
All Might,6023.2,2022.3,28,7
All Might,6020.6,2022.4,28,11
All Might,6018.0,2022.5,28,5
All Might,6015.4,2022.6,27,9
All Might,6012.8,2022.7,28,2
All Might,6010.2,2022.8,28,0
All Might,6007.6,2022.9,28,1
All Might,6005.0,2023.0,32,11
Bakugo,5972.39999999993,2023.6,33,9
Deku,5916.0000000001,2022.6,28,9
Kagome,5913.59999999989,2022.6,29,10
Bakugo,5899.0,2023.5,33,3
Bakugo,5825.60000000007,2023.4,33,10
Deku,5802.99999999995,2022.7,29,2
Kagome,5798.5,2022.5,29,11
Bakugo,5752.19999999997,2023.3,33,5
Deku,5690.00000000005,2022.8,29,10
Kagome,5683.40000000011,2022.4,29,7
Bakugo,5678.80000000003,2023.2,33,7
Bakugo,5605.39999999993,2023.1,33,8
Deku,5576.9999999999,2022.9,29,9
Kagome,5568.29999999995,2022.3,29,4
Bakugo,5532.0,2023.0,33,1
Ochako,5481.0,2022.0,29,9
Deku,5464.0,2023.0,34,3
Kagome,5453.20000000005,2022.2,29,6
Deku,5449.20000000001,2023.1,34,5
Deku,5434.39999999999,2023.2,34,10
Ochako,5422.90000000005,2022.1,29,1
Deku,5419.60000000001,2023.3,34,8
Deku,5404.79999999999,2023.4,34,2
Deku,5390.0,2023.5,34,9
Deku,5375.20000000001,2023.6,34,2
Ochako,5364.79999999997,2022.2,30,0
Shoto,5363.0,2023.0,35,0
Deku,5360.39999999999,2023.7,34,1
Shoto,5357.10000000001,2023.1,35,6
Shoto,5351.2,2023.2,35,11
Deku,5345.60000000001,2023.8,34,2
Shoto,5345.3,2023.3,35,2
Shoto,5341.60000000002,2022.9,30,6
Shoto,5339.39999999999,2023.4,35,6
Kagome,5338.09999999989,2022.1,30,0
Ryuk,5337.50000000001,2023.9,34,2
Shoto,5333.5,2023.5,35,2
Deku,5330.79999999999,2023.9,35,6
Ryuk,5329.0,2023.8,35,3
Shoto,5327.60000000001,2023.6,35,2
Shoto,5321.7,2023.7,35,11
Ryuk,5320.5,2023.7,36,2
Shoto,5320.19999999999,2022.8,30,9
Shoto,5315.8,2023.8,36,0
Ryuk,5311.99999999999,2023.6,36,4
Shoto,5309.89999999999,2023.9,36,9
Ochako,5306.70000000003,2022.3,30,2
Ryuk,5303.5,2023.5,36,11
Shoto,5298.80000000001,2022.7,30,10
Ryuk,5295.00000000001,2023.4,36,5
Ryuk,5286.5,2023.3,36,5
Ryuk,5278.0,2023.2,36,1
Shoto,5277.39999999998,2022.6,30,5
Ryuk,5269.49999999999,2023.1,36,7
Ryuk,5261.0,2023.0,36,9
Shoto,5256.0,2022.5,30,0
Ochako,5248.59999999995,2022.4,30,7
Shoto,5234.60000000002,2022.4,31,4
Kagome,5223.0,2022.0,30,4
Shoto,5213.19999999999,2022.3,31,0
Shoto,5191.80000000001,2022.2,31,4
Ochako,5190.5,2022.5,31,2
Shoto,5170.39999999998,2022.1,31,10
Shoto,5149.0,2022.0,31,0
Ochako,5132.40000000005,2022.6,31,4
Ochako,5074.29999999997,2022.7,31,7
Ochako,5016.20000000003,2022.8,31,4
Ochako,4958.09999999995,2022.9,31,11
Ochako,4900.0,2023.0,37,9
Ochako,4866.10000000003,2023.1,37,7
Ochako,4832.19999999998,2023.2,37,2
Ochako,4798.30000000002,2023.3,37,10
Ochako,4764.39999999997,2023.4,37,7
Ochako,4730.5,2023.5,37,8
Ochako,4696.60000000003,2023.6,37,6
Ochako,4662.69999999998,2023.7,37,9
Ochako,4628.80000000002,2023.8,37,6
Mikasa,4599.0,2023.9,37,9
Mikasa,4596.0,2023.8,38,11
Ochako,4594.89999999997,2023.9,38,4
Mikasa,4593.0,2023.7,38,9
Mikasa,4590.0,2023.6,38,9
Mikasa,4587.0,2023.5,38,4
Mikasa,4584.0,2023.4,38,6
Mikasa,4581.0,2023.3,38,6
Mikasa,4578.0,2023.2,38,8
Mikasa,4575.0,2023.1,38,9
Mikasa,4572.0,2023.0,38,1
Mikasa,4556.50000000001,2022.9,32,11
Mikasa,4540.99999999999,2022.8,32,5
Eren,4528.0,2022.0,32,7
Mikasa,4525.50000000001,2022.7,32,6
Mikasa,4509.99999999999,2022.6,32,1
Mikasa,4494.5,2022.5,32,6
Mikasa,4479.00000000001,2022.4,32,0
Mikasa,4463.49999999999,2022.3,32,10
Mikasa,4448.00000000001,2022.2,32,1
Mikasa,4432.49999999999,2022.1,32,0
Mikasa,4417.0,2022.0,33,2
Eren,4388.20000000013,2022.1,33,8
Armin,4271.3,2023.9,39,9
Armin,4270.6,2023.8,39,1
Armin,4269.9,2023.7,39,0
Armin,4269.2,2023.6,39,4
Armin,4268.5,2023.5,39,2
Armin,4267.8,2023.4,39,1
Armin,4267.1,2023.3,39,0
Armin,4266.4,2023.2,39,4
Armin,4265.7,2023.1,39,10
Armin,4265.0,2023.0,39,0
Armin,4252.60000000001,2022.9,33,3
Eren,4248.39999999994,2022.2,33,5
Armin,4240.19999999999,2022.8,33,1
Armin,4227.80000000001,2022.7,33,11
Armin,4215.39999999999,2022.6,33,7
Armin,4203.0,2022.5,33,5
Armin,4190.60000000001,2022.4,33,0
Armin,4178.19999999999,2022.3,33,8
Armin,4165.80000000001,2022.2,34,6
Armin,4153.39999999999,2022.1,34,3
Armin,4141.0,2022.0,34,10
Eren,4108.60000000006,2022.3,34,4
Eren,3968.79999999987,2022.4,34,5
Eren,3829.0,2022.5,34,1
Alphonse,3791.0,2022.0,35,11
Alphonse,3776.90000000001,2022.1,35,0
Alphonse,3762.79999999999,2022.2,35,10
Alphonse,3748.70000000001,2022.3,35,10
Alphonse,3734.59999999999,2022.4,35,7
Roy,3734.0,2022.0,36,1
Alphonse,3720.5,2022.5,35,6
Roy,3709.60000000002,2022.1,36,10
Alphonse,3706.40000000001,2022.6,34,9
Alphonse,3692.29999999999,2022.7,34,3
Eren,3689.20000000013,2022.6,35,5
Alphonse,3686.0,2023.9,40,1
Roy,3685.19999999999,2022.2,36,4
Alphonse,3682.0,2023.8,40,1
Alphonse,3678.20000000001,2022.8,34,3
Alphonse,3678.0,2023.7,40,5
Alphonse,3674.0,2023.6,40,6
Alphonse,3670.0,2023.5,40,5
Alphonse,3666.0,2023.4,40,9
Alphonse,3664.09999999999,2022.9,34,0
Alphonse,3662.0,2023.3,40,7
Roy,3660.80000000001,2022.3,36,5
Alphonse,3658.0,2023.2,40,7
Alphonse,3654.0,2023.1,40,7
Alphonse,3650.0,2023.0,40,4
Roy,3636.39999999998,2022.4,36,10
Roy,3612.0,2022.5,36,2
Roy,3587.60000000002,2022.6,36,2
Roy,3563.19999999999,2022.7,35,11
Eren,3549.39999999994,2022.7,36,8
Roy,3538.80000000001,2022.8,35,1
Roy,3514.39999999998,2022.9,35,9
Roy,3490.0,2023.0,41,9
Winry,3483.0,2023.0,42,2
Winry,3482.9,2023.1,41,4
Winry,3482.8,2023.2,41,9
Winry,3482.7,2023.3,41,7
Winry,3482.6,2023.4,41,4
Winry,3482.5,2023.5,41,5
Winry,3482.4,2023.6,41,1
Winry,3482.3,2023.7,41,5
Winry,3482.2,2023.8,41,4
Winry,3482.1,2023.9,41,1
Roy,3455.10000000003,2023.1,42,11
Roy,3420.19999999998,2023.2,42,8
Eren,3409.60000000006,2022.8,36,6
Roy,3385.30000000002,2023.3,42,11
Roy,3350.39999999997,2023.4,42,9
Roy,3315.5,2023.5,42,9
Roy,3280.60000000003,2023.6,42,11
Eren,3269.79999999987,2022.9,36,6
Roy,3245.69999999998,2023.7,42,4
Roy,3210.80000000002,2023.8,42,11
Roy,3175.89999999997,2023.9,42,8
Eren,3170.5,2023.9,43,6
Eren,3166.0,2023.8,43,11
Eren,3161.5,2023.7,43,1
Eren,3157.0,2023.6,43,8
Eren,3152.5,2023.5,43,10
Eren,3148.0,2023.4,43,1
Eren,3143.5,2023.3,43,9
Eren,3139.0,2023.2,43,8
Eren,3134.5,2023.1,43,5
Eren,3130.0,2023.0,43,6
Riza,2844.0,2023.0,44,3
Riza,2840.6,2023.1,44,3
Riza,2838.20000000001,2022.9,37,4
Riza,2837.2,2023.2,44,11
Riza,2833.8,2023.3,44,0
Riza,2832.4,2022.8,37,10
Riza,2830.4,2023.4,44,11
Riza,2827.0,2023.5,44,4
Riza,2826.6,2022.7,37,6
Riza,2823.6,2023.6,44,0
Riza,2820.79999999999,2022.6,37,5
Riza,2820.2,2023.7,44,11
Riza,2816.8,2023.8,44,5
Riza,2815.0,2022.5,37,8
Riza,2813.4,2023.9,44,8
Riza,2809.20000000001,2022.4,37,10
Riza,2803.4,2022.3,37,0
Riza,2797.6,2022.2,37,10
Riza,2791.79999999999,2022.1,37,0
Riza,2786.0,2022.0,37,10
Tony Tony Chopper,2383.00000000001,2023.9,45,5
Tony Tony Chopper,2369.99999999999,2023.8,45,9
Tony Tony Chopper,2357.00000000001,2023.7,45,5
Tony Tony Chopper,2343.99999999999,2023.6,45,10
Tony Tony Chopper,2331.0,2023.5,45,11
Tony Tony Chopper,2318.00000000001,2023.4,45,6
Tony Tony Chopper,2304.99999999999,2023.3,45,8
Tony Tony Chopper,2292.00000000001,2023.2,45,3
Tony Tony Chopper,2278.99999999999,2023.1,45,5
Tony Tony Chopper,2266.0,2023.0,45,6
Tony Tony Chopper,2261.2,2022.9,38,4
Tony Tony Chopper,2256.4,2022.8,38,9
Tony Tony Chopper,2251.6,2022.7,38,10
Tony Tony Chopper,2246.8,2022.6,38,9
Tony Tony Chopper,2242.0,2022.5,38,3
Tony Tony Chopper,2237.2,2022.4,38,0
Tony Tony Chopper,2232.4,2022.3,38,1
Tony Tony Chopper,2227.6,2022.2,38,2
Tony Tony Chopper,2222.8,2022.1,38,6
Tony Tony Chopper,2218.0,2022.0,38,7
Sanji,1940.60000000002,2023.9,46,8
Sanji,1920.19999999999,2023.8,46,0
Nami,1915.6,2023.9,47,8
Nami,1912.2,2023.8,47,8
Nami,1908.8,2023.7,46,8
Nami,1905.4,2023.6,46,8
Nami,1902.0,2023.5,46,9
Sanji,1899.80000000001,2023.7,47,5
Nami,1898.6,2023.4,46,0
Nami,1895.2,2023.3,46,2
Nami,1891.8,2023.2,46,11
Nami,1888.4,2023.1,46,1
Nami,1885.0,2023.0,46,7
Sanji,1879.39999999998,2023.6,47,4
Sanji,1859.0,2023.5,47,9
Sanji,1838.60000000002,2023.4,47,9
Sanji,1818.19999999999,2023.3,47,1
Sanji,1797.80000000001,2023.2,47,1
Sanji,1777.39999999998,2023.1,47,1
Sanji,1757.0,2023.0,47,5
Sanji,1714.20000000004,2022.9,39,1
Sanji,1671.39999999998,2022.8,39,0
Usopp,1653.5,2023.9,48,3
Usopp,1653.0,2023.8,48,0
Usopp,1652.5,2023.7,48,0
Usopp,1652.0,2023.6,48,1
Usopp,1651.5,2023.5,48,7
Usopp,1651.0,2023.4,48,10
Usopp,1650.5,2023.3,48,0
Usopp,1650.0,2023.2,48,5
Usopp,1649.5,2023.1,48,1
Usopp,1649.0,2023.0,48,2
Usopp,1638.20000000001,2022.9,40,5
Sanji,1628.60000000002,2022.7,39,8
Usopp,1627.4,2022.8,40,10
Usopp,1616.6,2022.7,40,0
Usopp,1605.79999999999,2022.6,39,0
Usopp,1595.0,2022.5,39,1
Sanji,1585.79999999996,2022.6,40,5
Usopp,1584.20000000001,2022.4,39,5
Franky,1583.0,2023.0,49,10
Franky,1582.7,2023.1,49,3
Franky,1582.4,2023.2,49,3
Franky,1582.1,2023.3,49,11
Franky,1581.8,2023.4,49,8
Franky,1581.5,2023.5,49,6
Franky,1581.2,2023.6,49,11
Franky,1580.9,2023.7,49,8
Franky,1580.6,2023.8,49,1
Franky,1580.3,2023.9,49,9
Usopp,1573.4,2022.3,39,2
Franky,1572.70000000001,2022.9,41,11
Usopp,1562.6,2022.2,39,9
Franky,1562.4,2022.8,41,5
Franky,1552.1,2022.7,41,11
Usopp,1551.79999999999,2022.1,39,0
Sanji,1543.0,2022.5,40,5
Franky,1541.79999999999,2022.6,41,6
Usopp,1541.0,2022.0,39,5
Franky,1531.5,2022.5,41,1
Franky,1521.20000000001,2022.4,40,1
Franky,1510.9,2022.3,40,2
Franky,1500.6,2022.2,40,10
Sanji,1500.20000000004,2022.4,41,9
Franky,1490.29999999999,2022.1,40,0
Franky,1480.0,2022.0,40,9
Sanji,1457.39999999998,2022.3,41,4
Sanji,1414.60000000002,2022.2,41,5
Brook,1409.0,2022.9,42,4
Brook,1408.0,2022.8,42,0
Brook,1407.0,2022.7,42,5
Brook,1406.0,2022.6,42,4
Brook,1405.0,2022.5,42,5
Brook,1404.0,2022.4,42,9
Brook,1403.0,2022.3,42,0
Brook,1402.0,2022.2,42,11
Brook,1401.0,2022.1,41,0
Brook,1400.0,2022.0,41,7
Sanji,1371.79999999996,2022.1,42,1
Sanji,1329.0,2022.0,42,9
Kenshin,,2022.0,43,9
Kenshin,,2022.1,43,11
Kenshin,,2022.2,43,4
Kenshin,,2022.3,43,0
Kenshin,,2022.4,43,7
Kenshin,,2022.5,43,10
Kenshin,,2022.6,43,3
Kenshin,,2022.7,43,7
Kenshin,,2022.8,43,1
Kenshin,,2022.9,43,3
Kenshin,,2023.0,50,1
Kenshin,,2023.1,50,1
Kenshin,,2023.2,50,5
Kenshin,,2023.3,50,9
Kenshin,,2023.4,50,0
Kenshin,,2023.5,50,2
Kenshin,,2023.6,50,1
Kenshin,,2023.7,50,2
Kenshin,,2023.8,50,7
Kenshin,,2023.9,50,1
Sanosuke,,2022.0,44,10
Sanosuke,,2022.1,44,7
Sanosuke,,2022.2,44,10
Sanosuke,,2022.3,44,5
Sanosuke,,2022.4,44,2
Sanosuke,,2022.5,44,3
Sanosuke,,2022.6,44,1
Sanosuke,,2022.7,44,6
Sanosuke,,2022.8,44,10
Sanosuke,,2022.9,44,11
Sanosuke,,2023.0,51,4
Sanosuke,,2023.1,51,9
Sanosuke,,2023.2,51,6
Sanosuke,,2023.3,51,2
Sanosuke,,2023.4,51,0
Sanosuke,,2023.5,51,8
Sanosuke,,2023.6,51,6
Sanosuke,,2023.7,51,11
Sanosuke,,2023.8,51,9
Sanosuke,,2023.9,51,0
Kaoru,,2022.0,45,0
Kaoru,,2022.1,45,1
Kaoru,,2022.2,45,3
Kaoru,,2022.3,45,3
Kaoru,,2022.4,45,6
Kaoru,,2022.5,45,11
Kaoru,,2022.6,45,5
Kaoru,,2022.7,45,1
Kaoru,,2022.8,45,2
Kaoru,,2022.9,45,5
Kaoru,,2023.0,52,7
Kaoru,,2023.1,52,7
Kaoru,,2023.2,52,2
Kaoru,,2023.3,52,3
Kaoru,,2023.4,52,0
Kaoru,,2023.5,52,6
Kaoru,,2023.6,52,0
Kaoru,,2023.7,52,8
Kaoru,,2023.8,52,1
Kaoru,,2023.9,52,5
Yahiko,,2022.0,46,6
Yahiko,,2022.1,46,6
Yahiko,,2022.2,46,10
Yahiko,,2022.3,46,9
Yahiko,,2022.4,46,2
Yahiko,,2022.5,46,4
Yahiko,,2022.6,46,10
Yahiko,,2022.7,46,1
Yahiko,,2022.8,46,11
Yahiko,,2022.9,46,3
Yahiko,,2023.0,53,7
Yahiko,,2023.1,53,1
Yahiko,,2023.2,53,7
Yahiko,,2023.3,53,4
Yahiko,,2023.4,53,5
Yahiko,,2023.5,53,9
Yahiko,,2023.6,53,1
Yahiko,,2023.7,53,1
Yahiko,,2023.8,53,6
Yahiko,,2023.9,53,0
Shishio,,2022.0,47,11
Shishio,,2022.1,47,10
Shishio,,2022.2,47,10
Shishio,,2022.3,47,8
Shishio,,2022.4,47,9
Shishio,,2022.5,47,9
Shishio,,2022.6,47,2
Shishio,,2022.7,47,9
Shishio,,2022.8,47,8
Shishio,,2022.9,47,2
Shishio,,2023.0,54,0
Shishio,,2023.1,54,6
Shishio,,2023.2,54,4
Shishio,,2023.3,54,4
Shishio,,2023.4,54,8
Shishio,,2023.5,54,2
Shishio,,2023.6,54,2
Shishio,,2023.7,54,9
Shishio,,2023.8,54,3
Shishio,,2023.9,54,6
Sakata,,2022.0,48,5
Sakata,,2022.1,48,3
Sakata,,2022.2,48,10
Sakata,,2022.3,48,0
Sakata,,2022.4,48,9
Sakata,,2022.5,48,0
Sakata,,2022.6,48,4
Sakata,,2022.7,48,0
Sakata,,2022.8,48,9
Sakata,,2022.9,48,9
Sakata,,2023.0,55,7
Sakata,,2023.1,55,10
Sakata,,2023.2,55,6
Sakata,,2023.3,55,0
Sakata,,2023.4,55,9
Sakata,,2023.5,55,8
Sakata,,2023.6,55,9
Sakata,,2023.7,55,5
Sakata,,2023.8,55,11
Sakata,,2023.9,55,8
Kagura,,2022.0,49,10
Kagura,,2022.1,49,2
Kagura,,2022.2,49,1
Kagura,,2022.3,49,0
Kagura,,2022.4,49,1
Kagura,,2022.5,49,11
Kagura,,2022.6,49,3
Kagura,,2022.7,49,6
Kagura,,2022.8,49,6
Kagura,,2022.9,49,2
Kagura,,2023.0,56,2
Kagura,,2023.1,56,6
Kagura,,2023.2,56,10
Kagura,,2023.3,56,9
Kagura,,2023.4,56,7
Kagura,,2023.5,56,2
Kagura,,2023.6,56,1
Kagura,,2023.7,56,2
Kagura,,2023.8,56,4
Kagura,,2023.9,56,2
Shinpachi,,2022.0,50,3
Shinpachi,,2022.1,50,6
Shinpachi,,2022.2,50,1
Shinpachi,,2022.3,50,6
Shinpachi,,2022.4,50,11
Shinpachi,,2022.5,50,9
Shinpachi,,2022.6,50,10
Shinpachi,,2022.7,50,6
Shinpachi,,2022.8,50,1
Shinpachi,,2022.9,50,9
Shinpachi,,2023.0,57,1
Shinpachi,,2023.1,57,4
Shinpachi,,2023.2,57,1
Shinpachi,,2023.3,57,5
Shinpachi,,2023.4,57,9
Shinpachi,,2023.5,57,11
Shinpachi,,2023.6,57,0
Shinpachi,,2023.7,57,1
Shinpachi,,2023.8,57,1
Shinpachi,,2023.9,57,0
Leorio,,2022.0,51,0
Leorio,,2022.1,51,1
Leorio,,2022.2,51,9
Leorio,,2022.3,51,7
Leorio,,2022.4,51,6
Leorio,,2022.5,51,11
Leorio,,2022.6,51,5
Leorio,,2022.7,51,0
Leorio,,2022.8,51,5
Leorio,,2022.9,51,7
Tsukuyo,,2022.0,52,0
Tsukuyo,,2022.1,52,5
Tsukuyo,,2022.2,52,11
Tsukuyo,,2022.3,52,9
Tsukuyo,,2022.4,52,7
Tsukuyo,,2022.5,52,11
Tsukuyo,,2022.6,52,4
Tsukuyo,,2022.7,52,7
Tsukuyo,,2022.8,52,8
Tsukuyo,,2022.9,52,1
Tsukuyo,,2023.0,58,7
Tsukuyo,,2023.1,58,5
Tsukuyo,,2023.2,58,2
Tsukuyo,,2023.3,58,7
Tsukuyo,,2023.4,58,8
Tsukuyo,,2023.5,58,6
Tsukuyo,,2023.6,58,2
Tsukuyo,,2023.7,58,3
Tsukuyo,,2023.8,58,5
Tsukuyo,,2023.9,58,10
Kamui,,2022.0,53,0
Kamui,,2022.1,53,2
Kamui,,2022.2,53,3
Kamui,,2022.3,53,8
Kamui,,2022.4,53,11
Kamui,,2022.5,53,5
Kamui,,2022.6,53,7
Kamui,,2022.7,53,9
Kamui,,2022.8,53,2
Kamui,,2022.9,53,6
Kamui,,2023.0,59,1
Kamui,,2023.1,59,1
Kamui,,2023.2,59,8
Kamui,,2023.3,59,8
Kamui,,2023.4,59,1
Kamui,,2023.5,59,3
Kamui,,2023.6,59,8
Kamui,,2023.7,59,1
Kamui,,2023.8,59,0
Kamui,,2023.9,59,7
Ace,,2022.0,54,10
Ace,,2022.1,54,7
Ace,,2022.2,54,6
Ace,,2022.3,54,10
Ace,,2022.4,54,1
Ace,,2022.5,54,6
Ace,,2022.6,54,1
Ace,,2022.7,54,2
Ace,,2022.8,54,8
Ace,,2022.9,54,11
Ace,,2023.0,60,2
Ace,,2023.1,60,1
Ace,,2023.2,60,0
Ace,,2023.3,60,3
Ace,,2023.4,60,7
Ace,,2023.5,60,3
Ace,,2023.6,60,0
Ace,,2023.7,60,8
Ace,,2023.8,60,6
Ace,,2023.9,60,6
Sabo,,2022.0,55,9
Sabo,,2022.1,55,1
Sabo,,2022.2,55,9
Sabo,,2022.3,55,1
Sabo,,2022.4,55,8
Sabo,,2022.5,55,5
Sabo,,2022.6,55,2
Sabo,,2022.7,55,7
Sabo,,2022.8,55,10
Sabo,,2022.9,55,4
Sabo,,2023.0,61,5
Sabo,,2023.1,61,10
Sabo,,2023.2,61,9
Sabo,,2023.3,61,0
Sabo,,2023.4,61,3
Sabo,,2023.5,61,10
Sabo,,2023.6,61,6
Sabo,,2023.7,61,0
Sabo,,2023.8,61,7
Sabo,,2023.9,61,6
Kaido,,2022.0,56,5
Kaido,,2022.1,56,9
Kaido,,2022.2,56,7
Kaido,,2022.3,56,3
Kaido,,2022.4,56,6
Kaido,,2022.5,56,3
Kaido,,2022.6,56,2
Kaido,,2022.7,56,3
Kaido,,2022.8,56,0
Kaido,,2022.9,56,2
Kaido,,2023.0,62,4
Kaido,,2023.1,62,9
Kaido,,2023.2,62,0
Kaido,,2023.3,62,10
Kaido,,2023.4,62,7
Kaido,,2023.5,62,0
Kaido,,2023.6,62,4
Kaido,,2023.7,62,7
Kaido,,2023.8,62,11
Kaido,,2023.9,62,1
Big Mom,,2022.0,57,2
Big Mom,,2022.1,57,7
Big Mom,,2022.2,57,2
Big Mom,,2022.3,57,6
Big Mom,,2022.4,57,3
Big Mom,,2022.5,57,8
Big Mom,,2022.6,57,5
Big Mom,,2022.7,57,9
Big Mom,,2022.8,57,6
Big Mom,,2022.9,57,0
Big Mom,,2023.0,63,7
Big Mom,,2023.1,63,4
Big Mom,,2023.2,63,3
Big Mom,,2023.3,63,5
Big Mom,,2023.4,63,4
Big Mom,,2023.5,63,4
Big Mom,,2023.6,63,10
Big Mom,,2023.7,63,10
Big Mom,,2023.8,63,8
Big Mom,,2023.9,63,3
Shanks,,2022.0,58,7
Shanks,,2022.1,58,8
Shanks,,2022.2,58,2
Shanks,,2022.3,58,6
Shanks,,2022.4,58,4
Shanks,,2022.5,58,8
Shanks,,2022.6,58,8
Shanks,,2022.7,58,7
Shanks,,2022.8,58,0
Shanks,,2022.9,58,11
Shanks,,2023.0,64,5
Shanks,,2023.1,64,7
Shanks,,2023.2,64,10
Shanks,,2023.3,64,1
Shanks,,2023.4,64,7
Shanks,,2023.5,64,9
Shanks,,2023.6,64,10
Shanks,,2023.7,64,2
Shanks,,2023.8,64,5
Shanks,,2023.9,64,6
Blackbeard,,2022.0,59,9
Blackbeard,,2022.1,59,3
Blackbeard,,2022.2,59,11
Blackbeard,,2022.3,59,11
Blackbeard,,2022.4,59,4
Blackbeard,,2022.5,59,5
Blackbeard,,2022.6,59,4
Blackbeard,,2022.7,59,9
Blackbeard,,2022.8,59,9
Blackbeard,,2022.9,59,1
Blackbeard,,2023.0,65,6
Blackbeard,,2023.1,65,1
Blackbeard,,2023.2,65,4
Blackbeard,,2023.3,65,6
Blackbeard,,2023.4,65,0
Blackbeard,,2023.5,65,1
Blackbeard,,2023.6,65,4
Blackbeard,,2023.7,65,7
Blackbeard,,2023.8,65,7
Blackbeard,,2023.9,65,2
Whitebeard,,2022.0,60,0
Whitebeard,,2022.1,60,5
Whitebeard,,2022.2,60,10
Whitebeard,,2022.3,60,0
Whitebeard,,2022.4,60,6
Whitebeard,,2022.5,60,0
Whitebeard,,2022.6,60,7
Whitebeard,,2022.7,60,4
Whitebeard,,2022.8,60,3
Whitebeard,,2022.9,60,10
Whitebeard,,2023.0,66,4
Whitebeard,,2023.1,66,0
Whitebeard,,2023.2,66,0
Whitebeard,,2023.3,66,2
Whitebeard,,2023.4,66,0
Whitebeard,,2023.5,66,9
Whitebeard,,2023.6,66,2
Whitebeard,,2023.7,66,10
Whitebeard,,2023.8,66,1
Whitebeard,,2023.9,66,0
Nami,,2022.0,61,2
Nami,,2022.1,61,0
Nami,,2022.2,61,11
Nami,,2022.3,61,3
Nami,,2022.4,61,7
Nami,,2022.5,61,4
Nami,,2022.6,61,4
Nami,,2022.7,61,5
Nami,,2022.8,61,8
Nami,,2022.9,61,4
Marco,,2022.0,62,10
Marco,,2022.1,62,9
Marco,,2022.2,62,9
Marco,,2022.3,62,3
Marco,,2022.4,62,7
Marco,,2022.5,62,2
Marco,,2022.6,62,8
Marco,,2022.7,62,7
Marco,,2022.8,62,6
Marco,,2022.9,62,4
Marco,,2023.0,67,2
Marco,,2023.1,67,6
Marco,,2023.2,67,4
Marco,,2023.3,67,0
Marco,,2023.4,67,2
Marco,,2023.5,67,6
Marco,,2023.6,67,11
Marco,,2023.7,67,0
Marco,,2023.8,67,1
Marco,,2023.9,67,2
Tsuna,,2022.0,63,3
Tsuna,,2022.1,63,10
Tsuna,,2022.2,63,6
Tsuna,,2022.3,63,8
Tsuna,,2022.4,63,1
Tsuna,,2022.5,63,1
Tsuna,,2022.6,63,4
Tsuna,,2022.7,63,9
Tsuna,,2022.8,63,3
Tsuna,,2022.9,63,7
Jozu,,2022.0,64,11
Jozu,,2022.1,64,3
Jozu,,2022.2,64,1
Jozu,,2022.3,64,1
Jozu,,2022.4,64,1
Jozu,,2022.5,64,4
Jozu,,2022.6,64,5
Jozu,,2022.7,64,8
Jozu,,2022.8,64,8
Jozu,,2022.9,64,1
Jozu,,2023.0,68,6
Jozu,,2023.1,68,11
Jozu,,2023.2,68,10
Jozu,,2023.3,68,8
Jozu,,2023.4,68,5
Jozu,,2023.5,68,0
Jozu,,2023.6,68,10
Jozu,,2023.7,68,8
Jozu,,2023.8,68,4
Jozu,,2023.9,68,1
Vista,,2022.0,65,2
Vista,,2022.1,65,11
Vista,,2022.2,65,11
Vista,,2022.3,65,4
Vista,,2022.4,65,11
Vista,,2022.5,65,10
Vista,,2022.6,65,8
Vista,,2022.7,65,1
Vista,,2022.8,65,8
Vista,,2022.9,65,1
Vista,,2023.0,69,4
Vista,,2023.1,69,6
Vista,,2023.2,69,6
Vista,,2023.3,69,4
Vista,,2023.4,69,5
Vista,,2023.5,69,9
Vista,,2023.6,69,9
Vista,,2023.7,69,7
Vista,,2023.8,69,2
Vista,,2023.9,69,11
Bakugo,,2022.0,66,2
Bakugo,,2022.1,66,2
Bakugo,,2022.2,66,8
Bakugo,,2022.3,66,0
Bakugo,,2022.4,66,5
Bakugo,,2022.5,66,6
Bakugo,,2022.6,66,7
Bakugo,,2022.7,66,0
Bakugo,,2022.8,66,4
Bakugo,,2022.9,66,4
Law,,2022.0,67,5
Law,,2022.1,67,3
Law,,2022.2,67,9
Law,,2022.3,67,4
Law,,2022.4,67,1
Law,,2022.5,67,7
Law,,2022.6,67,10
Law,,2022.7,67,9
Law,,2022.8,67,4
Law,,2022.9,67,11
Law,,2023.0,70,5
Law,,2023.1,70,10
Law,,2023.2,70,0
Law,,2023.3,70,9
Law,,2023.4,70,5
Law,,2023.5,70,11
Law,,2023.6,70,3
Law,,2023.7,70,8
Law,,2023.8,70,1
Law,,2023.9,70,1
Kid,,2022.0,68,10
Kid,,2022.1,68,8
Kid,,2022.2,68,7
Kid,,2022.3,68,8
Kid,,2022.4,68,1
Kid,,2022.5,68,8
Kid,,2022.6,68,5
Kid,,2022.7,68,7
Kid,,2022.8,68,4
Kid,,2022.9,68,7
Kid,,2023.0,71,3
Kid,,2023.1,71,10
Kid,,2023.2,71,10
Kid,,2023.3,71,5
Kid,,2023.4,71,0
Kid,,2023.5,71,10
Kid,,2023.6,71,0
Kid,,2023.7,71,9
Kid,,2023.8,71,7
Kid,,2023.9,71,3
Hawkins,,2022.0,69,10
Hawkins,,2022.1,69,11
Hawkins,,2022.2,69,6
Hawkins,,2022.3,69,3
Hawkins,,2022.4,69,2
Hawkins,,2022.5,69,2
Hawkins,,2022.6,69,6
Hawkins,,2022.7,69,5
Hawkins,,2022.8,69,2
Hawkins,,2022.9,69,7
Hawkins,,2023.0,72,3
Hawkins,,2023.1,72,8
Hawkins,,2023.2,72,2
Hawkins,,2023.3,72,5
Hawkins,,2023.4,72,1
Hawkins,,2023.5,72,3
Hawkins,,2023.6,72,11
Hawkins,,2023.7,72,9
Hawkins,,2023.8,72,0
Hawkins,,2023.9,72,7
Apoo,,2022.0,70,3
Apoo,,2022.1,70,3
Apoo,,2022.2,70,7
Apoo,,2022.3,70,6
Apoo,,2022.4,70,0
Apoo,,2022.5,70,2
Apoo,,2022.6,70,6
Apoo,,2022.7,70,5
Apoo,,2022.8,70,4
Apoo,,2022.9,70,11
Apoo,,2023.0,73,1
Apoo,,2023.1,73,0
Apoo,,2023.2,73,8
Apoo,,2023.3,73,11
Apoo,,2023.4,73,2
Apoo,,2023.5,73,10
Apoo,,2023.6,73,4
Apoo,,2023.7,73,4
Apoo,,2023.8,73,5
Apoo,,2023.9,73,10
Urouge,,2022.0,71,0
Urouge,,2022.1,71,3
Urouge,,2022.2,71,1
Urouge,,2022.3,71,1
Urouge,,2022.4,71,11
Urouge,,2022.5,71,3
Urouge,,2022.6,71,6
Urouge,,2022.7,71,3
Urouge,,2022.8,71,5
Urouge,,2022.9,71,10
Urouge,,2023.0,74,6
Urouge,,2023.1,74,6
Urouge,,2023.2,74,5
Urouge,,2023.3,74,11
Urouge,,2023.4,74,8
Urouge,,2023.5,74,2
Urouge,,2023.6,74,11
Urouge,,2023.7,74,9
Urouge,,2023.8,74,0
Urouge,,2023.9,74,4
X Drake,,2022.0,72,6
X Drake,,2022.1,72,11
X Drake,,2022.2,72,9
X Drake,,2022.3,72,1
X Drake,,2022.4,72,2
X Drake,,2022.5,72,8
X Drake,,2022.6,72,0
X Drake,,2022.7,72,4
X Drake,,2022.8,72,7
X Drake,,2022.9,72,11
X Drake,,2023.0,75,10
X Drake,,2023.1,75,0
X Drake,,2023.2,75,10
X Drake,,2023.3,75,10
X Drake,,2023.4,75,11
X Drake,,2023.5,75,9
X Drake,,2023.6,75,6
X Drake,,2023.7,75,1
X Drake,,2023.8,75,10
X Drake,,2023.9,75,7
Zephyr,,2022.0,73,1
Zephyr,,2022.1,73,0
Zephyr,,2022.2,73,5
Zephyr,,2022.3,73,3
Zephyr,,2022.4,73,3
Zephyr,,2022.5,73,0
Zephyr,,2022.6,73,4
Zephyr,,2022.7,73,0
Zephyr,,2022.8,73,7
Zephyr,,2022.9,73,9
Zephyr,,2023.0,76,4
Zephyr,,2023.1,76,10
Zephyr,,2023.2,76,0
Zephyr,,2023.3,76,9
Zephyr,,2023.4,76,5
Zephyr,,2023.5,76,4
Zephyr,,2023.6,76,0
Zephyr,,2023.7,76,5
Zephyr,,2023.8,76,7
Zephyr,,2023.9,76,5
Gild Tesoro,,2022.0,74,0
Gild Tesoro,,2022.1,74,5
Gild Tesoro,,2022.2,74,5
Gild Tesoro,,2022.3,74,5
Gild Tesoro,,2022.4,74,4
Gild Tesoro,,2022.5,74,10
Gild Tesoro,,2022.6,74,5
Gild Tesoro,,2022.7,74,3
Gild Tesoro,,2022.8,74,4
Gild Tesoro,,2022.9,74,0
Gild Tesoro,,2023.0,77,7
Gild Tesoro,,2023.1,77,8
Gild Tesoro,,2023.2,77,1
Gild Tesoro,,2023.3,77,7
Gild Tesoro,,2023.4,77,7
Gild Tesoro,,2023.5,77,5
Gild Tesoro,,2023.6,77,9
Gild Tesoro,,2023.7,77,6
Gild Tesoro,,2023.8,77,1
Gild Tesoro,,2023.9,77,1
Shiki,,2022.0,75,3
Shiki,,2022.1,75,9
Shiki,,2022.2,75,1
Shiki,,2022.3,75,7
Shiki,,2022.4,75,7
Shiki,,2022.5,75,4
Shiki,,2022.6,75,4
Shiki,,2022.7,75,6
Shiki,,2022.8,75,2
Shiki,,2022.9,75,8
Shiki,,2023.0,78,8
Shiki,,2023.1,78,9
Shiki,,2023.2,78,4
Shiki,,2023.3,78,8
Shiki,,2023.4,78,9
Shiki,,2023.5,78,6
Shiki,,2023.6,78,9
Shiki,,2023.7,78,5
Shiki,,2023.8,78,1
Shiki,,2023.9,78,4
Ryuk,,2022.0,76,2
Ryuk,,2022.1,76,9
Ryuk,,2022.2,76,1
Ryuk,,2022.3,76,6
Ryuk,,2022.4,76,2
Ryuk,,2022.5,76,8
Ryuk,,2022.6,76,1
Ryuk,,2022.7,76,6
Ryuk,,2022.8,76,2
Ryuk,,2022.9,76,4
Rayleigh,,2022.0,77,9
Rayleigh,,2022.1,77,8
Rayleigh,,2022.2,77,9
Rayleigh,,2022.3,77,2
Rayleigh,,2022.4,77,9
Rayleigh,,2022.5,77,8
Rayleigh,,2022.6,77,11
Rayleigh,,2022.7,77,11
Rayleigh,,2022.8,77,2
Rayleigh,,2022.9,77,8
Rayleigh,,2023.0,79,5
Rayleigh,,2023.1,79,1
Rayleigh,,2023.2,79,4
Rayleigh,,2023.3,79,5
Rayleigh,,2023.4,79,8
Rayleigh,,2023.5,79,3
Rayleigh,,2023.6,79,3
Rayleigh,,2023.7,79,5
Rayleigh,,2023.8,79,1
Rayleigh,,2023.9,79,4
Kizaru,,2022.0,78,10
Kizaru,,2022.1,78,7
Kizaru,,2022.2,78,5
Kizaru,,2022.3,78,1
Kizaru,,2022.4,78,8
Kizaru,,2022.5,78,0
Kizaru,,2022.6,78,5
Kizaru,,2022.7,78,4
Kizaru,,2022.8,78,5
Kizaru,,2022.9,78,9
Kizaru,,2023.0,80,1
Kizaru,,2023.1,80,3
Kizaru,,2023.2,80,9
Kizaru,,2023.3,80,10
Kizaru,,2023.4,80,8
Kizaru,,2023.5,80,10
Kizaru,,2023.6,80,0
Kizaru,,2023.7,80,2
Kizaru,,2023.8,80,1
Kizaru,,2023.9,80,4
Akainu,,2022.0,79,11
Akainu,,2022.1,79,6
Akainu,,2022.2,79,9
Akainu,,2022.3,79,0
Akainu,,2022.4,79,7
Akainu,,2022.5,79,5
Akainu,,2022.6,79,5
Akainu,,2022.7,79,2
Akainu,,2022.8,79,10
Akainu,,2022.9,79,1
Akainu,,2023.0,81,4
Akainu,,2023.1,81,2
Akainu,,2023.2,81,11
Akainu,,2023.3,81,6
Akainu,,2023.4,81,11
Akainu,,2023.5,81,0
Akainu,,2023.6,81,11
Akainu,,2023.7,81,8
Akainu,,2023.8,81,2
Akainu,,2023.9,81,1
Aokiji,,2022.0,80,8
Aokiji,,2022.1,80,4
Aokiji,,2022.2,80,11
Aokiji,,2022.3,80,8
Aokiji,,2022.4,80,6
Aokiji,,2022.5,80,8
Aokiji,,2022.6,80,1
Aokiji,,2022.7,80,10
Aokiji,,2022.8,80,11
Aokiji,,2022.9,80,11
Aokiji,,2023.0,82,3
Aokiji,,2023.1,82,5
Aokiji,,2023.2,82,9
Aokiji,,2023.3,82,10
Aokiji,,2023.4,82,7
Aokiji,,2023.5,82,10
Aokiji,,2023.6,82,6
Aokiji,,2023.7,82,1
Aokiji,,2023.8,82,0
Aokiji,,2023.9,82,1
Fujitora,,2022.0,81,2
Fujitora,,2022.1,81,7
Fujitora,,2022.2,81,3
Fujitora,,2022.3,81,11
Fujitora,,2022.4,81,4
Fujitora,,2022.5,81,1
Fujitora,,2022.6,81,0
Fujitora,,2022.7,81,0
Fujitora,,2022.8,81,5
Fujitora,,2022.9,81,3
Fujitora,,2023.0,83,8
Fujitora,,2023.1,83,7
Fujitora,,2023.2,83,6
Fujitora,,2023.3,83,5
Fujitora,,2023.4,83,1
Fujitora,,2023.5,83,5
Fujitora,,2023.6,83,11
Fujitora,,2023.7,83,1
Fujitora,,2023.8,83,1
Fujitora,,2023.9,83,6
Ryokugyu,,2022.0,82,3
Ryokugyu,,2022.1,82,9
Ryokugyu,,2022.2,82,11
Ryokugyu,,2022.3,82,2
Ryokugyu,,2022.4,82,4
Ryokugyu,,2022.5,82,1
Ryokugyu,,2022.6,82,2
Ryokugyu,,2022.7,82,11
Ryokugyu,,2022.8,82,6
Ryokugyu,,2022.9,82,2
Ryokugyu,,2023.0,84,9
Ryokugyu,,2023.1,84,11
Ryokugyu,,2023.2,84,8
Ryokugyu,,2023.3,84,1
Ryokugyu,,2023.4,84,1
Ryokugyu,,2023.5,84,11
Ryokugyu,,2023.6,84,11
Ryokugyu,,2023.7,84,1
Ryokugyu,,2023.8,84,5
Ryokugyu,,2023.9,84,8
Sengoku,,2022.0,83,7
Sengoku,,2022.1,83,8
Sengoku,,2022.2,83,11
Sengoku,,2022.3,83,3
Sengoku,,2022.4,83,8
Sengoku,,2022.5,83,4
Sengoku,,2022.6,83,1
Sengoku,,2022.7,83,7
Sengoku,,2022.8,83,10
Sengoku,,2022.9,83,5
Sengoku,,2023.0,85,7
Sengoku,,2023.1,85,6
Sengoku,,2023.2,85,11
Sengoku,,2023.3,85,7
Sengoku,,2023.4,85,11
Sengoku,,2023.5,85,9
Sengoku,,2023.6,85,11
Sengoku,,2023.7,85,0
Sengoku,,2023.8,85,5
Sengoku,,2023.9,85,2
Garp,,2022.0,84,9
Garp,,2022.1,84,6
Garp,,2022.2,84,3
Garp,,2022.3,84,8
Garp,,2022.4,84,10
Garp,,2022.5,84,11
Garp,,2022.6,84,11
Garp,,2022.7,84,11
Garp,,2022.8,84,0
Garp,,2022.9,84,0
Garp,,2023.0,86,5
Garp,,2023.1,86,10
Garp,,2023.2,86,9
Garp,,2023.3,86,3
Garp,,2023.4,86,4
Garp,,2023.5,86,4
Garp,,2023.6,86,8
Garp,,2023.7,86,11
Garp,,2023.8,86,6
Garp,,2023.9,86,0
Tsuru,,2022.0,85,0
Tsuru,,2022.1,85,9
Tsuru,,2022.2,85,9
Tsuru,,2022.3,85,5
Tsuru,,2022.4,85,9
Tsuru,,2022.5,85,9
Tsuru,,2022.6,85,10
Tsuru,,2022.7,85,8
Tsuru,,2022.8,85,6
Tsuru,,2022.9,85,10
Tsuru,,2023.0,87,7
Tsuru,,2023.1,87,11
Tsuru,,2023.2,87,1
Tsuru,,2023.3,87,3
Tsuru,,2023.4,87,6
Tsuru,,2023.5,87,10
Tsuru,,2023.6,87,9
Tsuru,,2023.7,87,10
Tsuru,,2023.8,87,10
Tsuru,,2023.9,87,3
Inuyasha,,2022.0,86,4
Inuyasha,,2022.1,86,0
Inuyasha,,2022.2,86,6
Inuyasha,,2022.3,86,10
Inuyasha,,2022.4,86,8
Inuyasha,,2022.5,86,2
Inuyasha,,2022.6,86,9
Inuyasha,,2022.7,86,4
Inuyasha,,2022.8,86,9
Inuyasha,,2022.9,86,1
Smoker,,2022.0,87,3
Smoker,,2022.1,87,10
Smoker,,2022.2,87,3
Smoker,,2022.3,87,8
Smoker,,2022.4,87,3
Smoker,,2022.5,87,2
Smoker,,2022.6,87,8
Smoker,,2022.7,87,9
Smoker,,2022.8,87,8
Smoker,,2022.9,87,11
Smoker,,2023.0,88,0
Smoker,,2023.1,88,0
Smoker,,2023.2,88,5
Smoker,,2023.3,88,11
Smoker,,2023.4,88,3
Smoker,,2023.5,88,4
Smoker,,2023.6,88,11
Smoker,,2023.7,88,7
Smoker,,2023.8,88,8
Smoker,,2023.9,88,2
Hinata,,2022.0,88,4
Hinata,,2022.1,88,10
Hinata,,2022.2,88,0
Hinata,,2022.3,88,6
Hinata,,2022.4,88,0
Hinata,,2022.5,88,9
Hinata,,2022.6,88,10
Hinata,,2022.7,88,4
Hinata,,2022.8,88,5
Hinata,,2022.9,88,1
Brook,,2023.0,89,8
Brook,,2023.1,89,5
Brook,,2023.2,89,8
Brook,,2023.3,89,3
Brook,,2023.4,89,3
Brook,,2023.5,89,10
Brook,,2023.6,89,4
Brook,,2023.7,89,8
Brook,,2023.8,89,0
Brook,,2023.9,89,10
Tashigi,,2022.0,89,7
Tashigi,,2022.1,89,11
Tashigi,,2022.2,89,1
Tashigi,,2022.3,89,0
Tashigi,,2022.4,89,2
Tashigi,,2022.5,89,0
Tashigi,,2022.6,89,4
Tashigi,,2022.7,89,2
Tashigi,,2022.8,89,7
Tashigi,,2022.9,89,5
Tashigi,,2023.0,90,2
Tashigi,,2023.1,90,0
Tashigi,,2023.2,90,3
Tashigi,,2023.3,90,6
Tashigi,,2023.4,90,4
Tashigi,,2023.5,90,2
Tashigi,,2023.6,90,2
Tashigi,,2023.7,90,9
Tashigi,,2023.8,90,3
Tashigi,,2023.9,90,1
Hina,,2022.0,90,8
Hina,,2022.1,90,10
Hina,,2022.2,90,7
Hina,,2022.3,90,2
Hina,,2022.4,90,4
Hina,,2022.5,90,7
Hina,,2022.6,90,9
Hina,,2022.7,90,5
Hina,,2022.8,90,0
Hina,,2022.9,90,4
Hina,,2023.0,91,5
Hina,,2023.1,91,9
Hina,,2023.2,91,10
Hina,,2023.3,91,0
Hina,,2023.4,91,6
Hina,,2023.5,91,2
Hina,,2023.6,91,7
Hina,,2023.7,91,6
Hina,,2023.8,91,10
Hina,,2023.9,91,2
Coby,,2022.0,91,5
Coby,,2022.1,91,11
Coby,,2022.2,91,2
Coby,,2022.3,91,9
Coby,,2022.4,91,7
Coby,,2022.5,91,10
Coby,,2022.6,91,11
Coby,,2022.7,91,9
Coby,,2022.8,91,4
Coby,,2022.9,91,10
Coby,,2023.0,92,4
Coby,,2023.1,92,10
Coby,,2023.2,92,2
Coby,,2023.3,92,8
Coby,,2023.4,92,1
Coby,,2023.5,92,1
Coby,,2023.6,92,11
Coby,,2023.7,92,4
Coby,,2023.8,92,0
Coby,,2023.9,92,10
Helmeppo,,2022.0,92,3
Helmeppo,,2022.1,92,1
Helmeppo,,2022.2,92,1
Helmeppo,,2022.3,92,7
Helmeppo,,2022.4,92,11
Helmeppo,,2022.5,92,8
Helmeppo,,2022.6,92,1
Helmeppo,,2022.7,92,3
Helmeppo,,2022.8,92,8
Helmeppo,,2022.9,92,0
Helmeppo,,2023.0,93,8
Helmeppo,,2023.1,93,11
Helmeppo,,2023.2,93,4
Helmeppo,,2023.3,93,3
Helmeppo,,2023.4,93,5
Helmeppo,,2023.5,93,0
Helmeppo,,2023.6,93,4
Helmeppo,,2023.7,93,0
Helmeppo,,2023.8,93,2
Helmeppo,,2023.9,93,6
Buggy,,2022.0,93,7
Buggy,,2022.1,93,11
Buggy,,2022.2,93,4
Buggy,,2022.3,93,4
Buggy,,2022.4,93,11
Buggy,,2022.5,93,1
Buggy,,2022.6,93,7
Buggy,,2022.7,93,6
Buggy,,2022.8,93,2
Buggy,,2022.9,93,3
Buggy,,2023.0,94,7
Buggy,,2023.1,94,6
Buggy,,2023.2,94,4
Buggy,,2023.3,94,6
Buggy,,2023.4,94,5
Buggy,,2023.5,94,4
Buggy,,2023.6,94,1
Buggy,,2023.7,94,0
Buggy,,2023.8,94,9
Buggy,,2023.9,94,6
Kuro,,2022.0,94,9
Kuro,,2022.1,94,5
Kuro,,2022.2,94,4
Kuro,,2022.3,94,0
Kuro,,2022.4,94,11
Kuro,,2022.5,94,4
Kuro,,2022.6,94,5
Kuro,,2022.7,94,3
Kuro,,2022.8,94,9
Kuro,,2022.9,94,4
Kuro,,2023.0,95,9
Kuro,,2023.1,95,8
Kuro,,2023.2,95,4
Kuro,,2023.3,95,9
Kuro,,2023.4,95,1
Kuro,,2023.5,95,11
Kuro,,2023.6,95,4
Kuro,,2023.7,95,2
Kuro,,2023.8,95,5
Kuro,,2023.9,95,10
Don Krieg,,2022.0,95,10
Don Krieg,,2022.1,95,10
Don Krieg,,2022.2,95,6
Don Krieg,,2022.3,95,3
Don Krieg,,2022.4,95,3
Don Krieg,,2022.5,95,1
Don Krieg,,2022.6,95,4
Don Krieg,,2022.7,95,1
Don Krieg,,2022.8,95,5
Don Krieg,,2022.9,95,10
Don Krieg,,2023.0,96,0
Don Krieg,,2023.1,96,7
Don Krieg,,2023.2,96,1
Don Krieg,,2023.3,96,3
Don Krieg,,2023.4,96,11
Don Krieg,,2023.5,96,11
Don Krieg,,2023.6,96,7
Don Krieg,,2023.7,96,7
Don Krieg,,2023.8,96,10
Don Krieg,,2023.9,96,7
Arlong,,2022.0,96,5
Arlong,,2022.1,96,2
Arlong,,2022.2,96,0
Arlong,,2022.3,96,11
Arlong,,2022.4,96,5
Arlong,,2022.5,96,9
Arlong,,2022.6,96,4
Arlong,,2022.7,96,4
Arlong,,2022.8,96,3
Arlong,,2022.9,96,8
Arlong,,2023.0,97,11
Arlong,,2023.1,97,2
Arlong,,2023.2,97,8
Arlong,,2023.3,97,1
Arlong,,2023.4,97,2
Arlong,,2023.5,97,4
Arlong,,2023.6,97,2
Arlong,,2023.7,97,11
Arlong,,2023.8,97,2
Arlong,,2023.9,97,4
Winry,,2022.0,97,0
Winry,,2022.1,97,2
Winry,,2022.2,97,1
Winry,,2022.3,97,1
Winry,,2022.4,97,0
Winry,,2022.5,97,8
Winry,,2022.6,97,1
Winry,,2022.7,97,5
Winry,,2022.8,97,7
Winry,,2022.9,97,1
Wapol,,2022.0,98,4
Wapol,,2022.1,98,7
Wapol,,2022.2,98,2
Wapol,,2022.3,98,2
Wapol,,2022.4,98,4
Wapol,,2022.5,98,3
Wapol,,2022.6,98,6
Wapol,,2022.7,98,9
Wapol,,2022.8,98,5
Wapol,,2022.9,98,8
Wapol,,2023.0,98,2
Wapol,,2023.1,98,4
Wapol,,2023.2,98,4
Wapol,,2023.3,98,10
Wapol,,2023.4,98,5
Wapol,,2023.5,98,1
Wapol,,2023.6,98,9
Wapol,,2023.7,98,6
Wapol,,2023.8,98,4
Wapol,,2023.9,98,9
Crocodile,,2022.0,99,8
Crocodile,,2022.1,99,7
Crocodile,,2022.2,99,9
Crocodile,,2022.3,99,3
Crocodile,,2022.4,99,1
Crocodile,,2022.5,99,0
Crocodile,,2022.6,99,4
Crocodile,,2022.7,99,3
Crocodile,,2022.8,99,4
Crocodile,,2022.9,99,1
Crocodile,,2023.0,99,11
Crocodile,,2023.1,99,3
Crocodile,,2023.2,99,5
Crocodile,,2023.3,99,9
Crocodile,,2023.4,99,4
Crocodile,,2023.5,99,3
Crocodile,,2023.6,99,10
Crocodile,,2023.7,99,11
Crocodile,,2023.8,99,3
Crocodile,,2023.9,99,3
Enel,,2022.0,100,1
Enel,,2022.1,100,9
Enel,,2022.2,100,11
Enel,,2022.3,100,4
Enel,,2022.4,100,6
Enel,,2022.5,100,4
Enel,,2022.6,100,1
Enel,,2022.7,100,3
Enel,,2022.8,100,6
Enel,,2022.9,100,9
Enel,,2023.0,100,8
Enel,,2023.1,100,1
Enel,,2023.2,100,6
Enel,,2023.3,100,8
Enel,,2023.4,100,1
Enel,,2023.5,100,9
Enel,,2023.6,100,9
Enel,,2023.7,100,0
Enel,,2023.8,100,1
Enel,,2023.9,100,8
